{
  "Id": "HV_SUPPLY1B_1770568701",
  "User": "TestUser",
  "Division Factor": 900.9009009009009,
  "DATA": {
    "HV Index": [
      0,
      11,
      22,
      33,
      44,
      55,
      66,
      77,
      88,
      99,
      110,
      121,
      132,
      143,
      154,
      165,
      176,
      187,
      198,
      209,
      220,
      231,
      242,
      253
    ],
    "Voltage": [
      0.0119,
      0.1060,
      0.2001,
      0.2942,
      0.3883,
      0.4824,
      0.5766,
      0.6706,
      0.7648,
      0.8588,
      0.9528,
      1.0470,
      1.1412,
      1.2352,
      1.3293,
      1.4234,
      1.5176,
      1.6116,
      1.7058,
      1.7999,
      1.8941,
      1.9883,
      2.0821,
      2.1762
    ],
    "Error": [
      7.61143645e-06,
      2.9968485e-05,
      5.46171455e-05,
      8.5685911e-05,
      9.63914988e-05,
      0.000149476211,
      5.77717092e-05,
      2.29297534e-05,
      0.000152606647,
      0.000205362528,
      2.4251847e-05,
      0.000270212469,
      0.000157288123,
      0.000465930441,
      0.000319931267,
      0.000542355258,
      0.000548202953,
      0.000286136568,
      0.000572363448,
      0.000489956824,
      0.000571464495,
      0.000551674662,
      0.000840424499,
      0.000771751396
    ]
  }
}