{
  "Id": "HV_SUPPLY2B_1772481642",
  "User": "TestUser",
  "Division Factor": 900.9009009009009,
  "DATA": {
    "HV Index": [
      0,
      11,
      22,
      33,
      44,
      55,
      66,
      77,
      88,
      99,
      110,
      121,
      132,
      143,
      154,
      165,
      176,
      187,
      198,
      209,
      220,
      231,
      242,
      253
    ],
    "Voltage": [
      0.0939134856,
      0.0991548116,
      0.193570007,
      0.288020395,
      0.382430924,
      0.47684077,
      0.57127254,
      0.665697478,
      0.760097708,
      0.854505963,
      0.948899492,
      1.04333482,
      1.13772966,
      1.23210385,
      1.32649305,
      1.42095208,
      1.51533906,
      1.60966448,
      1.70404418,
      1.79843787,
      1.89280656,
      1.98709096,
      2.08141047,
      2.17635746
    ],
    "Error": [
      0.0298699241,
      9.83259809e-06,
      1.14406076e-05,
      2.66157591e-05,
      1.49807157e-05,
      1.98264919e-05,
      2.0163431e-05,
      5.22222664e-05,
      1.90034387e-05,
      1.26496071e-05,
      2.185769e-05,
      7.2970501e-05,
      0.000104629329,
      2.22530371e-05,
      2.89582934e-05,
      9.77171547e-05,
      0.000142325692,
      3.64123099e-05,
      3.29992128e-05,
      7.00128581e-05,
      0.000143603887,
      3.64747615e-05,
      3.84475717e-05,
      0.00103462027
    ]
  }
}