{
  "Id": "HV_SUPPLY1A_1772546685",
  "User": "TestUser",
  "Division Factor": 900.9009009009009,
  "DATA": {
    "HV Index": [
      0,
      11,
      22,
      33,
      44,
      55,
      66,
      77,
      88,
      99,
      110,
      121,
      132,
      143,
      154,
      165,
      176,
      187,
      198,
      209,
      220,
      231,
      242,
      253
    ],
    "Voltage": [
      0.00605238571,
      0.100319723,
      0.194485764,
      0.288660235,
      0.382828384,
      0.476957329,
      0.571103911,
      0.665254866,
      0.759427827,
      0.853585228,
      0.947698641,
      1.04186427,
      1.13603175,
      1.23021318,
      1.32439795,
      1.41851962,
      1.51268691,
      1.60691001,
      1.70100584,
      1.79519712,
      1.88933468,
      1.98358048,
      2.07758731,
      2.17166951
    ],
    "Error": [
      4.96380817e-06,
      1.70858884e-05,
      1.45714598e-05,
      1.6754363e-05,
      3.09449454e-05,
      2.85373742e-05,
      1.2532056e-05,
      1.97260056e-05,
      5.38779534e-05,
      7.46178396e-05,
      1.29410172e-05,
      2.19046259e-05,
      4.4968021e-05,
      0.00010965134,
      7.72057146e-05,
      6.57332598e-05,
      3.03275204e-05,
      0.000126764097,
      4.09836061e-05,
      3.52832186e-05,
      2.87937016e-05,
      0.000159242415,
      3.70298503e-05,
      2.76035153e-05
    ]
  }
}